0.0;0.03959999999999997;0.08175818999999988;0.08264698039999997
1.0;0.03425614686667411;0.08171603174491482;0.08270225652556346
2.0;0.030249656787617263;0.0817783012364933;0.08273681708529093
3.0;0.029972910384069684;0.08176905701759979;0.08266310221297118
4.0;0.02810491548516525;0.0817926910824873;0.08262508243030818
5.0;0.021962203954919657;0.08182412957526676;0.08256985321668235
6.0;0.015224858027935495;0.0819118445279925;0.08250958657239994
7.0;0.013484781142864777;0.08198976912612413;0.08242417827063978
8.0;0.016565585912513225;0.08203603117423452;0.08232522495150468
9.0;0.014910233555566421;0.08205646690538329;0.0822857511550748
10.0;0.019655233328244148;0.08204191473948017;0.082269418672114
11.0;0.024931422872217945;0.0819986868066173;0.08227461768405464
12.0;0.02357104162345547;0.08195013715290508;0.08226718936407747
13.0;0.0200286527471486;0.08202757345252915;0.08231232377985673
14.0;0.01833531821787915;0.08203671010828073;0.08228576029066463
15.0;0.013160657572659717;0.0820559781595308;0.08229250315630322
16.0;0.008590015057052147;0.08207426362313992;0.0823054186488142
17.0;0.00762003688738222;0.08203069161065833;0.08230259756107228
18.0;0.009261994745750624;0.0819837579456659;0.08232209888390149
19.0;0.01188946576289085;0.08195551935219958;0.08234726875401743
20.0;0.015132899744992434;0.08194957311138912;0.0823624511976401
21.0;0.016748337753363374;0.0819501870198216;0.08242404737436812
22.0;0.013251878523409144;0.08197719635664646;0.08252035949506367
23.0;0.008006920691502772;0.08193831474114215;0.08255760552933743
24.0;0.007577783273654992;0.08195426411950832;0.08261334928221163
25.0;0.009111088335923334;0.08204992904285068;0.08264355840882052
26.0;0.01115814269531179;0.08211223222567746;0.08268983233926609
27.0;0.017279341456832853;0.08216405280196235;0.08268044177380497
28.0;0.012895473356570042;0.08221651384604726;0.08262974217981679
29.0;0.009937293787282586;0.08224629269927607;0.08265273714121935
30.0;0.010388605497896553;0.08222748002484494;0.08263262337784928
31.0;0.017530626914051606;0.08219428009326459;0.08257530391009774
32.0;0.01634435564249248;0.08209752293667376;0.0825113742478834
33.0;0.010654722047942378;0.08203053406365055;0.0823939140679899
34.0;0.010654722047942378;0.08202495443695144;0.08236402958415319
35.0;0.007499454165794339;0.08192597078195474;0.08231401513357266
36.0;0.005070602942774505;0.08186613394191165;0.08216038766241429
37.0;0.005706435144319011;0.08180827605568378;0.08209567482838588
38.0;0.007414947107991843;0.08177405567070767;0.08200201882362766
39.0;0.011077205201559637;0.08176447766166683;0.08193306877532165
40.0;0.010811012026929023;0.08174934482522961;0.08188579995192817
41.0;0.013452459560628127;0.08171192310108415;0.08186312345244429
42.0;0.014405204009286576;0.08163256551472083;0.0818424272997191
43.0;0.015976716522092316;0.08153076438168727;0.081816604530532
44.0;0.01423107558101111;0.08144623048608148;0.08180366352340421
45.0;0.015186090540693642;0.08134490923050623;0.08177314819640943
46.0;0.011417991215567636;0.08121246680386915;0.0817723987500687
47.0;0.011616055126715263;0.08107071969240315;0.08175420463550684
48.0;0.009339136884654153;0.08092523944418532;0.08171695638385383
49.0;0.008634016980510029;0.08079246511740988;0.08162877571063988
50.0;0.009971410995916474;0.08069588555096023;0.0815394222908399
51.0;0.015050009616805804;0.0805664804990844;0.081454035789662
52.0;0.015171726699116705;0.08043321937627063;0.08132590509231567
53.0;0.010572418816709117;0.0803353896816535;0.08124274088266588
54.0;0.009882693255803154;0.08021532823144506;0.08119073991054009
55.0;0.009613103784726462;0.08014397468857345;0.08118491713730036
56.0;0.010631430163931532;0.08004002354771231;0.08118497132236767
57.0;0.014166459021785927;0.07994777474287626;0.08122595445482891
58.0;0.019602586277555067;0.07985004620055569;0.0812309730537535
59.0;0.02168890594686923;0.07975686272946664;0.08127005240786175
60.0;0.023579125477218965;0.07971807262288343;0.08129525612187173
61.0;0.022455434374736405;0.0796639338944624;0.08129142549578489
62.0;0.021077771176054694;0.07962045320179682;0.08128310945971175
63.0;0.020956793696607745;0.07955773921489209;0.08123628275840782
64.0;0.017216906441062885;0.07955579047230533;0.08120196199226047
65.0;0.014094267105313363;0.07955158533566489;0.08125837021897286
66.0;0.012614671344120088;0.07950014765793129;0.0812619422797371
67.0;0.007867503414756727;0.07943599096640093;0.08123895787029295
68.0;0.006380602362110022;0.07935600558180139;0.08118410931451701
69.0;0.010128085935647735;0.07930473734600271;0.08114079691164876
70.0;0.017419215604057348;0.07924758509266981;0.08107544478981005
71.0;0.020749778301676458;0.07916593597198285;0.08105407802657032
72.0;0.022284832125062937;0.0791084563784815;0.08101274344099046
73.0;0.02023049930699161;0.07899745730389408;0.0809270022559746
74.0;0.02028170815350272;0.07898425950172494;0.08090235623282123
75.0;0.020048237972281502;0.07895455538401407;0.08082724943342671
76.0;0.019360482904864362;0.07892430280968792;0.08079897326616485
77.0;0.019978152561328844;0.07889084548788093;0.08073002596899262
78.0;0.02063089964302056;0.07888779854205986;0.0807155474140722
79.0;0.01195751675440404;0.07892048563129007;0.08067017566185043
80.0;0.01194703108681916;0.07890667040400444;0.0805823170173368
81.0;0.011353131612291345;0.0788390384243446;0.08048834260110765
82.0;0.007957462784553004;0.0787796454123266;0.08036170168422918
83.0;0.005436795538196204;0.07873217849392121;0.08028972775622974
84.0;0.00800471354677923;0.07863326370076325;0.08022660546248905
85.0;0.011542220510513124;0.07848452282278717;0.08017704922744191
86.0;0.006287018166491576;0.0784010338848578;0.08004456654601474
87.0;0.006031917932388886;0.07826720017156139;0.07986784709733924
88.0;0.008711709564037329;0.07817393834385915;0.07967999140063736
89.0;0.013019505536315257;0.07808206203868272;0.0795205805299366
90.0;0.015631755564885164;0.07793049271253923;0.07932827088586519
91.0;0.01953785728509083;0.07775838140069308;0.07915623929501192
92.0;0.017253656738360212;0.07762719137483931;0.07896559917320807
93.0;0.011630161968414932;0.07745862510279922;0.07876987957941893
94.0;0.0074924294753263565;0.07732095385799286;0.0786244171450101
95.0;0.004371452062179704;0.07721699440713121;0.07856701489869666
96.0;0.008600529911644506;0.07714201205951654;0.07839818961226692
97.0;0.006315332281822572;0.076995000608756;0.0782037606982097
98.0;0.01058372287813869;0.07684073703659612;0.07798812173665863
99.0;0.015145834950752168;0.07670574636707231;0.07774358567344951
100.0;0.01572635671578615;0.07654893625400158;0.07752092610497571
101.0;0.018424827855813786;0.07639581884061587;0.07730557588064028
102.0;0.01610671658637952;0.07629585038031084;0.07711409799711043
103.0;0.013330565781135006;0.07618306364145036;0.07694311522159125
104.0;0.016747702788191043;0.07606356583610337;0.07681170634962334
105.0;0.02234340234890897;0.07604400790903679;0.07668807343260721
106.0;0.024078449093836385;0.07597049448062577;0.07661083861748391
107.0;0.02001497078138914;0.07597095329500562;0.0765331209952972
108.0;0.02004177538928653;0.07591542732567781;0.07647224991554036
109.0;0.017571492948300738;0.0758722234390805;0.07636563586500032
110.0;0.01556957128070302;0.07582041027726781;0.07621621245699164
111.0;0.010666234548742937;0.07576674349771496;0.07604491016659777
112.0;0.007839829201621074;0.07568168375226923;0.07589635196499153
113.0;0.007575374004246127;0.07563199800567105;0.07574010799049365
114.0;0.00786281116213372;0.075584909509719;0.07561396816091719
115.0;0.010324123319026879;0.07552201617957799;0.07549976938699404
116.0;0.014336827790077944;0.07547776174201937;0.07539954197564451
117.0;0.015174179192689707;0.07550232272928332;0.07529207720999034
118.0;0.016803369577810368;0.07546519550119547;0.07515826192683765
119.0;0.021800429840589608;0.07542117125219489;0.07502203097448577
120.0;0.014971169865540701;0.07533126664730418;0.07491492624435707
121.0;0.010124068494098859;0.07520523324746875;0.07481359991214709
122.0;0.008804089033488505;0.07508698943923807;0.07467963408138907
123.0;0.010812874301003639;0.07493106997852797;0.0745600480260144
124.0;0.008547957891371527;0.0748147421459255;0.07447260056463452
125.0;0.006407809959385502;0.07478017755363031;0.07440818983652073
126.0;0.007150211141636276;0.074699251490354;0.07436479591212261
127.0;0.004049494527524233;0.07461113344812864;0.07433227304983049
128.0;0.0021412737930264214;0.07450932067500216;0.07427079526313574
129.0;0.0021412737930264214;0.07439921862714935;0.07412609273568922
130.0;0.008927663774917494;0.0742837885793632;0.07398867765924334
131.0;0.005864316669048963;0.07415949705749135;0.07382896554082685
132.0;0.00647738226366823;0.07404021210988451;0.07364459593250386
133.0;0.010997046888425399;0.07389514345992404;0.07351128149745705
134.0;0.013616348207810547;0.0738041910301122;0.07344148725779923
135.0;0.0162868221302801;0.07370535360881117;0.07335247216236784
136.0;0.017823214410014998;0.07363705298143555;0.0732375040516228
137.0;0.021766334587864145;0.07355216853500206;0.07315277789416406
138.0;0.023959112111890724;0.0734192875632241;0.07301928425658602
139.0;0.023430031122802952;0.07329726992049558;0.07288969712041704
140.0;0.02227415622445983;0.07319879292845807;0.07276270363175943
141.0;0.020881407188684697;0.07308942026554968;0.07264277440834707
142.0;0.01596778383097408;0.07295967448246474;0.07254182935186954
143.0;0.01893021275768403;0.07278108063591188;0.07241324228823239
144.0;0.015527583035050307;0.07259964448349941;0.07231060566568531
145.0;0.0157617630535275;0.07248538602656222;0.0722525264494051
146.0;0.018114116002246883;0.07233428292023317;0.07214831456369845
147.0;0.020916426420702017;0.0721703749576347;0.0720527475267616
148.0;0.029184224376942458;0.07200005564734349;0.07195963427773636
149.0;0.03593794707244702;0.07178899707599087;0.07187156938536575
150.0;0.04122462782594172;0.07163671877093399;0.07181723814240372
151.0;0.043809868229367055;0.07150768656448206;0.07176629377859962
152.0;0.0373169399845561;0.07139140417159502;0.07168757116870808
153.0;0.029876792999819046;0.07130800611333804;0.07158771821378275
154.0;0.024849838515538236;0.07124127169270543;0.07150326283796161
155.0;0.022516319895297787;0.07120836522825394;0.07146036877727907
156.0;0.023091186867731484;0.07112513250530879;0.07136433405463122
157.0;0.024804542384164074;0.0709904119340633;0.07127783664454396
158.0;0.02577886012349173;0.07088505035399092;0.0712141503435979
159.0;0.029438858593531236;0.07076199177982889;0.07115364223941066
160.0;0.03210487213857793;0.07059243950667349;0.07108802469462767
161.0;0.03007698374510015;0.07039552959660134;0.07103961022131486
162.0;0.028428533579576087;0.07023253740690463;0.07097305645097109
163.0;0.023362744428845894;0.0700344427653385;0.07089449292212523
164.0;0.02152231032733598;0.06990837162378948;0.07076530181521262
165.0;0.018620375068764905;0.06971630839724792;0.07069699951995521
166.0;0.013968118906138471;0.06958966235069586;0.0705692614712009
167.0;0.01469971511631396;0.06942672565314663;0.07043932406708137
168.0;0.014951586491330993;0.06928076150183152;0.07029394879819366
169.0;0.01551715082698879;0.06909670316790203;0.07017316407187833
170.0;0.017757439707093203;0.0688867292455645;0.0700402952406145
171.0;0.015122890963713886;0.06873624620116552;0.0699046331242434
172.0;0.014046699468827306;0.06860356162235268;0.06974312247034127
173.0;0.015453602102150077;0.06845404940081289;0.069528330974261
174.0;0.013171285198278926;0.06831805772967242;0.06933498222029877
175.0;0.011245710596875735;0.06817270881410283;0.06917879568435276
176.0;0.009814377268485663;0.06810489246971124;0.06899807773613441
177.0;0.013627566888036347;0.06792714958599458;0.06883540348339925
178.0;0.014967408329827792;0.06772247499094323;0.0686709586852207
179.0;0.01552095284693733;0.06748407372290316;0.06846652704381
180.0;0.016160729365170323;0.06720671403364228;0.06826532437766676
181.0;0.015865386632107237;0.06697311621824091;0.06805232982466418
182.0;0.01665086353488654;0.06677160085778687;0.06784626265599213
183.0;0.020268603965090226;0.0665535055495729;0.06764600535584935
184.0;0.02507841425664714;0.06638874614339155;0.06750507581345318
185.0;0.024143679124464357;0.06620722014449781;0.06738436081719003
186.0;0.02579077825924847;0.06608615549861341;0.06723236816095571
187.0;0.026387517202048683;0.06592154653048832;0.06714150952437528
188.0;0.027159499659147546;0.06576404091493222;0.06699653996651
189.0;0.023701082751576563;0.0655943044403926;0.06685963297650946
190.0;0.021802783077491616;0.06539602279271371;0.06670551493775263
191.0;0.02161206344776312;0.0651874311215006;0.06652447124241495
192.0;0.021213367837873975;0.06494806649496314;0.0663023983036473
193.0;0.018890959852413847;0.0647262271885139;0.06609881817163313
194.0;0.019871838125936625;0.06457244051068003;0.06592259405524788
195.0;0.02044726903527716;0.06438393270985009;0.06571716868943576
196.0;0.0243827499844963;0.06421028774585887;0.06557980240639173
197.0;0.024713863711291584;0.06402402700593737;0.06537927119858084
198.0;0.022765477209759744;0.06389519172613946;0.06514550051560884
199.0;0.02052854341774424;0.06373513651981601;0.06495075714331569
200.0;0.020525076880246296;0.06356728662485697;0.06469935698530184
201.0;0.018647829241438374;0.0633934156970894;0.06446742950063512
202.0;0.01907315160585843;0.06322844659518277;0.06425731958263559
203.0;0.02229345188288645;0.06308210898732906;0.06404588796328989
204.0;0.02360457848156783;0.06296892105723997;0.06389396002912483
205.0;0.02300208624704303;0.062854979430147;0.06376934156500398
206.0;0.022486706035851234;0.06274087934336796;0.06363862607767408
207.0;0.020705525065947805;0.06263022447830101;0.06352603372321652
208.0;0.016979760255582788;0.062497319985007356;0.06336217643902912
209.0;0.01495268994637522;0.062309441135670954;0.06320830041109989
210.0;0.014784242762602706;0.062110045879653124;0.06302818653018971
211.0;0.015143769609694546;0.06190802190084402;0.06289218219182244
212.0;0.018282389429247425;0.06172092463926891;0.06274543282602228
213.0;0.02299220986447348;0.06154041057915757;0.0626206907292003
214.0;0.03174951822765615;0.06137200122271407;0.06252745380975311
215.0;0.0332901614781429;0.06124120537167372;0.06245867110920716
216.0;0.04032952974535897;0.06113086517640015;0.062374575726907903
217.0;0.04299219429343215;0.06097541969697277;0.06231301731473162
218.0;0.04850344749862756;0.0608313499586135;0.06222544235056971
219.0;0.04903328685468589;0.0607370583699245;0.06217869577623345
220.0;0.045604238115720674;0.06059389781264409;0.06212595615777375
221.0;0.04215880036920805;0.06041188858933566;0.06203666940227182
222.0;0.04272487436784178;0.060252474840135566;0.06193752376916585
223.0;0.04397781923387678;0.0600865861542962;0.061834037605437084
224.0;0.04263111954027354;0.05995138686191272;0.06172626186561038
225.0;0.04447238856464919;0.05980187380512251;0.06168059215623259
226.0;0.042974048246381735;0.059641524545507266;0.06161225025729667
227.0;0.039722609411818266;0.05948624315723376;0.061517466011700585
228.0;0.036265978165475055;0.059290647441591036;0.0613855560510269
229.0;0.03583514322172798;0.0591257181433136;0.06123943408191242
230.0;0.0383614637576708;0.05893849147117438;0.061106371033118674
231.0;0.04295103478995588;0.05876415765721325;0.060962825105994684
232.0;0.05070465674720581;0.058582933873514535;0.060820014784447075
233.0;0.05868124471424474;0.0584385390965921;0.06069619868112825
234.0;0.06457380352142406;0.05833683226014689;0.06054702179124092
235.0;0.06531984125979651;0.05820826002253642;0.06041187954458203
236.0;0.06670244788570723;0.05811199038772518;0.060321860513320474
237.0;0.06933700733833792;0.05798446061851125;0.06024790082124092
238.0;0.07028276002523015;0.05781193319581538;0.0601363752942201
239.0;0.07082966990073092;0.05764042372027624;0.059983576355094124
240.0;0.06638485454959897;0.057459118396260826;0.05986211265842643
241.0;0.0655222098417676;0.0572919337537698;0.05968243219843331
242.0;0.06811628612082443;0.057084515002351954;0.05952000244989355
243.0;0.07522382000092132;0.05688003000794577;0.05934374344082989
244.0;0.07191238397553712;0.05670271942316474;0.05920959961716139
245.0;0.07312167331425612;0.056518212961859174;0.05906883932039236
246.0;0.07246057953092533;0.05631366169966381;0.05894780188946398
247.0;0.07640785077635215;0.05611618775938674;0.058795593125235066
248.0;0.07837362483057919;0.055865473540148994;0.058654769895923775
249.0;0.07411390800965911;0.055629763362567426;0.058497671177278006
250.0;0.07199621319472083;0.055370303294731776;0.05832474397026549
251.0;0.06698080714516252;0.05509033367185965;0.05815048000717004
252.0;0.05862559069307971;0.054811347311495964;0.0579801367099268
253.0;0.0531410880394082;0.054577345951590896;0.05777882556513019
254.0;0.04623084729463933;0.05440415648798265;0.057619520565134266
255.0;0.04332209474336901;0.054227637854240354;0.057487898914084415
256.0;0.03799435009880692;0.05403892036750668;0.057283852689539866
257.0;0.03570769841229171;0.05385468193156254;0.057072456655804606
258.0;0.036563011774951026;0.05369011625457167;0.05689485788817215
259.0;0.037740651560545624;0.0534622940333746;0.05669723761134374
260.0;0.04292071898647232;0.05321535260160664;0.056524800715618675
261.0;0.048390113777877164;0.05296640884538607;0.056357120476589674
262.0;0.05404435376848471;0.05274015143173667;0.05620593557303041
263.0;0.059575994116060293;0.052541530512317365;0.05601515323805144
264.0;0.06546752703254255;0.05237269615970078;0.055869786660078705
265.0;0.0697775529144683;0.052226300529149026;0.055727031765830375
266.0;0.06880048558690033;0.05210242337793908;0.055544119912553515
267.0;0.06907470153788398;0.051954163872682924;0.055377153301743455
268.0;0.06911941725769066;0.051836865126585335;0.055157730757834374
269.0;0.06223477737819905;0.051735276063698314;0.05499607862398781
270.0;0.05553034962570014;0.05160280715250351;0.05483212454497021
271.0;0.04750650695305214;0.05148743369016457;0.05468606081294639
272.0;0.04453339542249868;0.05134114813722938;0.05453766754447945
273.0;0.042363436565502344;0.05119506006354662;0.05440556689738927
274.0;0.041424803686062606;0.05107658990361919;0.054336179475016226
275.0;0.037622347448718174;0.050976775480550095;0.05423504298416739
276.0;0.03667357529975235;0.050868884151656316;0.05410678633826393
277.0;0.039335604299134186;0.05076148808104769;0.05400774505503738
278.0;0.040644018404216165;0.050632484402407835;0.05386603881040695
279.0;0.043515522432072795;0.05047455357017589;0.053747697438239914
280.0;0.04367075982714963;0.05033724411942319;0.05357369709350012
281.0;0.04047945973349265;0.05021058375913667;0.05342634304156277
282.0;0.03791686584691212;0.05007861259255191;0.05325888823887299
283.0;0.038023182825946744;0.04994601834213349;0.05309135230831995
284.0;0.040631790657200906;0.04983389623279631;0.052919291793607534
285.0;0.04290503062150952;0.04972402310263347;0.05274126027695453
286.0;0.04340149295212581;0.04965736944773639;0.05263094398819111
287.0;0.04475673267867386;0.049568317018708986;0.052501470728275955
288.0;0.047624060460199846;0.04952965744127556;0.05234425099715686
289.0;0.052300552679300005;0.049475371679418755;0.05220443983134139
290.0;0.059066034465954376;0.04942245123751173;0.05203436833810359
291.0;0.06504690885125053;0.049364627941359894;0.05185726138878231
292.0;0.062341321180158005;0.049327804856065874;0.05170165906514793
293.0;0.059806456126804575;0.04926973745016736;0.051534974821591265
294.0;0.05552610250490575;0.04924763330276987;0.05138579330187162
295.0;0.05096031472411866;0.04920901570536641;0.05124963760618448
296.0;0.05185722405075488;0.04914995379693642;0.05107867563615587
297.0;0.05164190450531603;0.049053296380329806;0.050938677174292374
298.0;0.04926431682504184;0.048979304135864626;0.05072543773460362
299.0;0.04524436667096399;0.04889763442041902;0.05051618696696075
300.0;0.044561413214320944;0.04880974905868557;0.05029281747753855
301.0;0.044566630322594;0.04870044758059187;0.05007681417719069
302.0;0.04515601494530275;0.048579518059106604;0.04985438651212485
303.0;0.04536700583715514;0.04846250925678447;0.04963125427451331
304.0;0.04242208237284251;0.04835074723605375;0.04945670039772044
305.0;0.03552599031410242;0.04823182308014581;0.0493253602403608
306.0;0.028602603244544333;0.04813242560215112;0.0491555347657312
307.0;0.026671355762175497;0.04804301650867193;0.049023213876167045
308.0;0.022548470213979988;0.047915666480694265;0.048854299791682244
309.0;0.025700050173994127;0.04776490634858933;0.04870281130652835
310.0;0.026365560360921192;0.04761636675039863;0.0485889331955003
311.0;0.028453111656171814;0.04748081475340816;0.048473491019699166
312.0;0.031666785118264706;0.047325942234507354;0.048354674445669106
313.0;0.030986411177334028;0.04716191021099641;0.04823241016751742
314.0;0.031012350614545214;0.04698995309299719;0.04814674309041182
315.0;0.03119134031207982;0.046851746636459385;0.048017526930211475
316.0;0.03414184295428746;0.04672531989081939;0.047906166354472285
317.0;0.03757849511093314;0.04662624528089501;0.04781240336052211
318.0;0.03889277593603113;0.0464643885242726;0.047654227898408154
319.0;0.04107347521625948;0.04629928952747791;0.04752673159043982
320.0;0.042148213675292534;0.04615182965041291;0.047416851744726145
321.0;0.04352516863240252;0.04600103716147878;0.047314374097628856
322.0;0.04512090512569811;0.04585255126843909;0.04721931943913881
323.0;0.050103173062023054;0.04572463816492513;0.04712087918216056
324.0;0.048278362530050245;0.04560092575591552;0.04700689759303251
325.0;0.042243167244074176;0.045499335462393736;0.046886288133296816
326.0;0.039357642351410704;0.045377948934622395;0.046829458124799266
327.0;0.03411500316661209;0.04526450322584555;0.04674693621406889
328.0;0.030711817043174272;0.045134309707095935;0.046684449581725254
329.0;0.03343048932783099;0.044988325158736776;0.04663520779851641
330.0;0.04076600551158249;0.0448155856763502;0.046566312532320686
331.0;0.04552593194420984;0.04460856232351104;0.04648160274751685
332.0;0.05016001905531009;0.044367846069762365;0.04638247318157929
333.0;0.055018932982687674;0.04413712986324764;0.046302875961195915
334.0;0.06116688546710414;0.04391394621977215;0.04622044273992132
335.0;0.06741821404785919;0.043714299258113834;0.04612561662918429
336.0;0.06846034126387968;0.0435064318239097;0.0460420188587401
337.0;0.06996196312504088;0.043343260506526954;0.045985261427662266
338.0;0.07031845802889425;0.04317199450438877;0.04587531192620544
339.0;0.06785574886914114;0.04299911072585019;0.0457825289528688
340.0;0.0634296893103996;0.04282948851206835;0.04567007167852052
341.0;0.056974416842395126;0.042644498925778734;0.04555329324533484
342.0;0.05032368436311463;0.04245709300005696;0.04539970297911701
343.0;0.04641184514912844;0.04228675150159393;0.04524347669665309
344.0;0.04505914831490432;0.04215739715459402;0.045091069851190435
345.0;0.043766157701457864;0.042028367523654485;0.044922569810096895
346.0;0.04872147182384867;0.041881056068813476;0.044829034539810776
347.0;0.05147540103324133;0.04179077600864571;0.04472775803719738
348.0;0.05466262314267534;0.041708382103068535;0.04458044909179564
349.0;0.056440309737805006;0.04158724089319364;0.04439775841513143
350.0;0.059918153908095295;0.04146685514637385;0.044212037851743165
351.0;0.059570225256544984;0.04133821449738391;0.04401465955829874
352.0;0.06154803838968659;0.0411876057298875;0.0438051813089532
353.0;0.0652084146245201;0.041060144743940194;0.04358986745969786
354.0;0.07104323734332119;0.04097875177562383;0.043381904403545835
355.0;0.0734769907309426;0.04086416622778235;0.04320392740079422
356.0;0.07087274803939059;0.04072945945399357;0.04302614804430171
357.0;0.0701757093828328;0.04064531340338382;0.042865846791270666
358.0;0.06442469856078481;0.04052585995447543;0.04266826348344282
359.0;0.06329176924022117;0.040389435414511364;0.042478672296383746
360.0;0.06309407078377083;0.04024616848374097;0.042296699803226354
361.0;0.0656086923450504;0.04012141772058609;0.04209529934091269
362.0;0.06850817391329933;0.0400076386840944;0.04192071120669
363.0;0.06898756092790626;0.03992290350826999;0.04174745416588845
364.0;0.06208269443447767;0.039837170382696976;0.04160317862107733
365.0;0.059277856523807904;0.039781098682339235;0.04144549063512964
366.0;0.05642546500291756;0.03973318985772182;0.04126896941222431
367.0;0.05200444520772107;0.03968264406675094;0.04113046640174088
368.0;0.05588563867505458;0.0395807001397138;0.0409447544323606
369.0;0.056777981946774525;0.03953223165526012;0.04074005785736678
370.0;0.05910048489287001;0.03943103187154677;0.04056217936728176
371.0;0.05668014716429792;0.03932273539977028;0.040370721055220715
372.0;0.05382580501373946;0.039212411654443585;0.04018377312950024
373.0;0.053508925036787836;0.03908431190796468;0.040034811546437336
374.0;0.05289031602986782;0.038951681053218855;0.039880864918370604
375.0;0.05342261633851797;0.038804554328349436;0.03975210707300356
376.0;0.05406790872845124;0.038689269446376545;0.03959795199210728
377.0;0.055640327063185;0.0385439881333959;0.03948863421554087
378.0;0.05954196088989849;0.03840901281073889;0.03935574928529549
379.0;0.05951372971125457;0.0382984395803705;0.039232507950177645
380.0;0.05740079931266062;0.03820639103025946;0.03912712105923205
381.0;0.05255169680770322;0.038101620764877456;0.03901928543226175
382.0;0.0523659440748625;0.038008493568702624;0.038916999583283526
383.0;0.05525852887166549;0.037900466771080804;0.03879166648312298
384.0;0.0584515242111342;0.03779020540017475;0.038658055710477146
385.0;0.05877465741289578;0.03771140747443413;0.0385367290037999
386.0;0.05813934176300939;0.03763059925214844;0.03844503698541667
387.0;0.06093087148270482;0.03757917030337936;0.038317882621770695
388.0;0.0636238602330752;0.037507047913238015;0.03814103481669133
389.0;0.06052364779087405;0.037418033500838055;0.03797826222920335
390.0;0.059958889200805277;0.037305006565053415;0.03782517860228047
391.0;0.05970726850896513;0.037203260713870714;0.03765629538536752
392.0;0.05904745927255428;0.03708841501196916;0.03748764776125841
393.0;0.05783855789807002;0.03698650361681669;0.037328507059394396
394.0;0.05627325802912786;0.03691756475372195;0.03716810456185873
395.0;0.05560302451431509;0.03685159172752868;0.037043537692810616
396.0;0.05499599477119976;0.036812275895023484;0.03689132750585182
397.0;0.05263434755061991;0.036740129400340625;0.036737977273651544
398.0;0.04806650299676751;0.03666870030870208;0.036593985230895805
399.0;0.048648323204242505;0.036589928600595206;0.0364511039240207
400.0;0.04867119915685958;0.03648088961806554;0.036319743632597816
401.0;0.05007495373704007;0.03637377506553795;0.036220472105429086
402.0;0.053187194637834945;0.036263597446043676;0.036135738263308015
403.0;0.055886461932697085;0.03614290064603876;0.03602478926513596
404.0;0.058816525305383394;0.03602306889748847;0.03588265385606498
405.0;0.06217041144617108;0.03593575624016641;0.03578706536705638
406.0;0.0626186905702536;0.03582869830953682;0.035673041826956305
407.0;0.06306833756312513;0.03572071727549354;0.0355575403613
408.0;0.06390309375646741;0.035634126418479954;0.03541091339749742
409.0;0.061942363579964854;0.03550763609091789;0.035266317817157555
410.0;0.06328672207900943;0.03535946629056333;0.03514101323455757
411.0;0.07106269087161798;0.035196685458117674;0.03501793109924474
412.0;0.07851368102618073;0.035043535640492764;0.03487738886689645
413.0;0.08588019128994562;0.03488935530698896;0.03472843937664997
414.0;0.09286468997268016;0.03476797130462332;0.0346005286951711
415.0;0.09665250003254966;0.03466702374099397;0.03450793475703083
416.0;0.09806477798671098;0.034591896846150064;0.03437961407208254
417.0;0.10248315426223675;0.03452584326094148;0.03430023713937191
418.0;0.1071465810571457;0.03445010713340466;0.03417689474391615
419.0;0.103853534166932;0.03435858162504546;0.034057244843891284
420.0;0.10490179619679096;0.03426791627693278;0.033881430689303216
421.0;0.10582781994556933;0.03415685427824498;0.0337319675781629
422.0;0.11162494099034759;0.034032026768667886;0.03360201476977513
423.0;0.11747764660859594;0.03387876945697077;0.03346087038079383
424.0;0.12005691745865754;0.03373928700346729;0.03333145359918352
425.0;0.1246137959029957;0.033601754820775924;0.033231172666191806
426.0;0.12713305382242635;0.033464129599203904;0.03311753976870263
427.0;0.12936152207747587;0.03332382066305606;0.03298131794390875
428.0;0.12973722901300444;0.03318310882245948;0.032885254559670216
429.0;0.12737075915683727;0.03302742588728107;0.03279352311460811
430.0;0.1240563081897259;0.032842645604196676;0.032679579356882864
431.0;0.12175023479335234;0.03262641612099144;0.032554321898179646
432.0;0.12095135306302385;0.03240438047954072;0.03240681354457974
433.0;0.12535093305740397;0.032175831725071866;0.03225528429200664
434.0;0.1311448185056301;0.031994009998868304;0.03210664806828395
435.0;0.13642903622796898;0.031844526659419566;0.03197970195519199
436.0;0.13780272734715948;0.031706349572904545;0.031834189869980295
437.0;0.1394202671485073;0.03157299260868403;0.03169509077862648
438.0;0.1448403503516149;0.031450407891321044;0.03155748546989023
439.0;0.14557699531023904;0.03133849725118513;0.031391113790173106
440.0;0.1444549597169953;0.031225787850848553;0.031204801348069508
441.0;0.14388165847722556;0.031109441551265944;0.030972535899025287
442.0;0.14001679394853594;0.03100865384287926;0.0307466663583983
443.0;0.13719584242553973;0.030913044715632502;0.030535770962984765
444.0;0.1315539451565434;0.030815884392386993;0.030358879835551595
445.0;0.12988658999956493;0.03071583610273325;0.0302249302083472
446.0;0.12741847539990014;0.030621068495330014;0.030084006614472008
447.0;0.12915888851494906;0.030536929953705133;0.029964525760305394
448.0;0.13288314929522405;0.030426629850380114;0.029829693862428355
449.0;0.13122228030809424;0.03031046860797749;0.02968602657589753
450.0;0.13165643038407437;0.030198102290007967;0.029558110823239628
451.0;0.13217257175201758;0.03008709942896769;0.02940357385363256
452.0;0.13240477277036988;0.029977432010992885;0.029244586574746028
453.0;0.1279450438499794;0.029885886782786808;0.029082815863385594
454.0;0.12436723676385153;0.02979525537748885;0.02895917044671304
455.0;0.12295393734935356;0.029745520917680655;0.028825890044036215
456.0;0.1245720929588795;0.029650860901662985;0.028690321443958482
457.0;0.12527027159927706;0.02958958801919218;0.02854201203980292
458.0;0.12763741167719234;0.029512887443456957;0.028406846432137218
459.0;0.1264234946926408;0.029417950023770525;0.028242614629824157
460.0;0.12762333149646254;0.029314632057640004;0.028098058414943505
461.0;0.12908432115425417;0.02921625961864867;0.02792556622152786
462.0;0.13054596594030843;0.029108568019073293;0.02775695959958019
463.0;0.1320459491729653;0.02899726769207386;0.02760358130006065
464.0;0.1338470843514813;0.02890169680238964;0.027483404693763237
465.0;0.13330585447539234;0.028815061892270455;0.02734622175062085
466.0;0.13757903495125756;0.02872379103824584;0.027258481656153424
467.0;0.13893361476735844;0.028640547905726697;0.027110848938142324
468.0;0.14129415031342596;0.028554352134458685;0.026984646220782702
469.0;0.13985929426553445;0.028446947989218534;0.026856721984008118
470.0;0.1412950147167239;0.028378380704063885;0.026727363240701338
471.0;0.14308359757357847;0.028284034109267237;0.02659264714291334
472.0;0.14160934040897155;0.028189825352471713;0.02648256936672305
473.0;0.14099992237217995;0.028077376694914124;0.02635408260891083
474.0;0.14288067409818273;0.027975074248671905;0.026252875466565326
475.0;0.14389541614370605;0.027857490740091907;0.02614488632012222
476.0;0.151474843273809;0.02774255363918187;0.026009121579686656
477.0;0.15271307023486802;0.027602418060098704;0.025887886124405776
478.0;0.15703646750402345;0.027458874851572296;0.025761953009124653
479.0;0.15797352474022042;0.027296380004993376;0.02563741610368117
480.0;0.15917700026671433;0.027145063908840205;0.025526777142729246
481.0;0.15452915436874137;0.026991007933836686;0.02539062041330488
482.0;0.15026968721549816;0.026824885152990793;0.02527378868277657
483.0;0.14183379706621235;0.026665133959617702;0.025162642213348074
484.0;0.13354987535919094;0.026496489424723553;0.02506723831608656
485.0;0.13030576195082244;0.026348271968092724;0.02496517416268879
486.0;0.12629112148987842;0.02618419603224899;0.024876749897161342
487.0;0.12569551968891468;0.026055131417980784;0.024759078257409785
488.0;0.11973248665382397;0.025943931989786166;0.024661706197332718
489.0;0.119041490994372;0.025843534188944983;0.024532121484632467
490.0;0.11583052495412371;0.025760022667012692;0.024423439851404813
491.0;0.1146117252706843;0.02566598068432307;0.024297064184863933
492.0;0.10729793519971986;0.025574069137024823;0.024176281644781774
493.0;0.09986709112788483;0.025451968582031442;0.024054079921354443
494.0;0.09246540778467682;0.02533248272945648;0.023949536302429145
495.0;0.08750985253817323;0.02524797137344518;0.023841854680133424
496.0;0.08712492797053639;0.02513244557070711;0.023761539160539923
497.0;0.08420634074841671;0.025026992733797854;0.023660205409509964
498.0;0.08879874420141132;0.024942947753350698;0.023575457142265256
499.0;0.09653371405120137;0.02482375558244862;0.023509118611115532
500.0;0.10376521645445302;0.0247145053527035;0.023412223684388115
501.0;0.1108688216121112;0.02456240734599224;0.023297451664707168
502.0;0.11793399140451333;0.02441372382108295;0.023187366008898487
503.0;0.12502430963679712;0.024272979453846412;0.023101260391673147
504.0;0.13009174055896344;0.02414923311733439;0.023026462429625996
505.0;0.13494803728998828;0.024045706371004907;0.02293223435649446
506.0;0.13917065891140357;0.023959141776712305;0.022832581122631406
507.0;0.14137858499740796;0.023876659335794092;0.02274223035790619
508.0;0.1425605484168394;0.023776564431013655;0.022694508835816203
509.0;0.14150197057591707;0.023664063205897257;0.022629313514755965
510.0;0.1435825087471856;0.023572721766988543;0.0225489487827855
511.0;0.14302045714857126;0.023457240269892446;0.02246288517351461
512.0;0.1422411412624891;0.02335565984902865;0.022376974132105296
513.0;0.14107603059439366;0.023250371261178054;0.022299318179005753
514.0;0.13908712372303766;0.02314775027932589;0.022250508561264374
515.0;0.13881578901961167;0.023067420466273816;0.022178061911034046
516.0;0.14111765946381039;0.022943282261330772;0.022084583281287776
517.0;0.14454592773351194;0.02284156342096248;0.021978182252861935
518.0;0.1458869987521062;0.022727739412165514;0.021904486710316074
519.0;0.14855530848383192;0.022595098115384044;0.021812691528196863
520.0;0.14972914959511996;0.02247853565976191;0.021717639919812907
521.0;0.15089336283082322;0.022351942962290643;0.021614094054631668
522.0;0.15271256480772677;0.02221183479114457;0.02150211337924561
523.0;0.15477135149620114;0.022042351153085928;0.021398094752167824
524.0;0.154066175005243;0.021871739146948326;0.021296776980695865
525.0;0.15496401554812944;0.021727469284241227;0.02119813788549422
526.0;0.1497046178537872;0.021571286538673674;0.021091549095087425
527.0;0.14357566569005153;0.02141584291601791;0.020976699517266228
528.0;0.1378969791621696;0.02128529194755333;0.020865042000876282
529.0;0.13487653566040403;0.021127150593089353;0.020758359654247563
530.0;0.13159437780722472;0.020997310251830673;0.02062614989779755
531.0;0.12553980354428662;0.020860930784614498;0.020497374911501814
532.0;0.12490326994028178;0.020740356482488616;0.020364876647064163
533.0;0.12416424050822839;0.020619165013975135;0.020241202795027453
534.0;0.13117920955033768;0.020496849359078504;0.020118060956762843
535.0;0.12555002542967375;0.020406588013060733;0.020013352969703253
536.0;0.12227081064091505;0.020287129098560158;0.019919782809254605
537.0;0.11878590742500816;0.02016920351782754;0.019848125149768206
538.0;0.12138209037599135;0.02003794722608829;0.019771058433154593
539.0;0.12112350876398159;0.019917689217313964;0.01968115660454251
540.0;0.12428153889484439;0.0197994441108394;0.019575661720667666
541.0;0.12718904458731117;0.019681685514955784;0.01948055290122452
542.0;0.13460227987161832;0.01955423577542125;0.01937519647310731
543.0;0.1423489605191457;0.019444331025459755;0.019271090083402765
544.0;0.1492427726795842;0.019339481448558245;0.019157486030162086
545.0;0.15378865804335362;0.01925494831865195;0.01906052986893468
546.0;0.16101014470449482;0.01915834681737316;0.01895443961131704
547.0;0.16442123364611871;0.019073917452357737;0.018856262931383143
548.0;0.16504049615092886;0.018978166872095737;0.018760217739711458
549.0;0.16918584571027462;0.018892546775868012;0.01866203422141832
550.0;0.1736043576009575;0.018778944908408236;0.01857103624012736
551.0;0.18083614335861498;0.018668440310157637;0.01845259764362316
552.0;0.1887055954018323;0.018546504297705824;0.01832440492599577
553.0;0.19652723656004067;0.01844955282291432;0.018186867706525403
554.0;0.2046440140773902;0.0183575644138788;0.018072297340012988
555.0;0.21025635791659825;0.018244685925488294;0.017990659366704936
556.0;0.21278921675149975;0.018129569572805967;0.01790834425655103
557.0;0.21108202614276428;0.018018743285179436;0.017837965695637142
558.0;0.20938744007717347;0.017923285080932275;0.017754836915153116
559.0;0.20753287691218092;0.017819549014680035;0.017671535160077436
560.0;0.20832639945153464;0.017713652083086485;0.017604054296214748
561.0;0.20591189617408345;0.01761007707018148;0.017553386038189282
562.0;0.20407794751645758;0.017508579838365936;0.01750335178257517
563.0;0.2020609605135104;0.017427679497084167;0.017421107607630177
564.0;0.20298598224754183;0.01733959685118974;0.017353314510579615
565.0;0.1997152509472624;0.017256036517044167;0.0172700225070857
566.0;0.1969207213866334;0.017172024001544633;0.017187959925674574
567.0;0.1956809250916849;0.017088631762582206;0.017093345843542388
568.0;0.1966621579323059;0.01700206885377502;0.017012387977441087
569.0;0.19928614927422672;0.016875583857754062;0.01693416720915978
570.0;0.19959664459578186;0.016759943726397334;0.01687541944309557
571.0;0.20092912825442655;0.016658073117086926;0.01682179184512149
572.0;0.20115992235338032;0.016552122995803192;0.016757292207122763
573.0;0.20373879731478595;0.01644951932914384;0.0166897754526917
574.0;0.2056351379161876;0.01633593057970227;0.01662529497725232
575.0;0.2053910637636467;0.016231127129972264;0.01654467797147453
576.0;0.20526499273614307;0.016165999619402172;0.016478767862040024
577.0;0.20515780889536395;0.016106965720411637;0.016393901138343377
578.0;0.20221747785768507;0.016037579636334065;0.01630955115335441
579.0;0.20036350074504872;0.015948254646600386;0.016254659750806463
580.0;0.19618817786843679;0.015851292538761757;0.016184226539138587
581.0;0.19412666205825635;0.01576533060681996;0.016077276668766946
582.0;0.1937762229571759;0.015673848468128915;0.015944344103855607
583.0;0.19225895084163902;0.015594264739572693;0.015824383767783876
584.0;0.1900199299214933;0.01551469276525624;0.015687093807221747
585.0;0.19127137991827192;0.015436314435653386;0.015572285250498856
586.0;0.19246021681052183;0.015373946561026048;0.01547943750172645
587.0;0.19336429682764356;0.015291581986184988;0.015377054848400996
588.0;0.19555305957829017;0.015244140251545673;0.015269826965029603
589.0;0.19861136219538944;0.015186305872051426;0.015181317462147507
590.0;0.19859132723525208;0.015124091979174276;0.01512223868452796
591.0;0.20090908437187438;0.015073011523794923;0.015039179149337181
592.0;0.20394117359344532;0.0150003009944527;0.014941780220529577
593.0;0.2066067216731733;0.014922275821110005;0.014855891643946762
594.0;0.20805062849357503;0.014857380404428215;0.014776129428435826
595.0;0.2098837305682979;0.014779042316996706;0.014702157111102588
596.0;0.2108589812756273;0.014708420762645181;0.014632744448982979
597.0;0.21259911807969278;0.014634895079686126;0.014573881489164586
598.0;0.21486916251610666;0.014567759740306144;0.014477838141619724
599.0;0.21422327376081507;0.014496614778919087;0.01439912075789098
600.0;0.21570406275534337;0.014407279702086556;0.014302637325429817
601.0;0.21543391369392173;0.0143359203987514;0.014207069978083945
602.0;0.21758126423152102;0.014248135660801313;0.014089898177924746
603.0;0.21935730651128282;0.01416036278994754;0.013974838442542369
604.0;0.2206458909281469;0.014083924617556915;0.013864341917246548
605.0;0.22159257401510846;0.013989301175125245;0.013764709680820159
606.0;0.22254945952472172;0.01390265134005904;0.013698805286158872
607.0;0.22570787525536862;0.01379659819254499;0.01362470486880808
608.0;0.22590622832979856;0.013706396064957627;0.013539542205768598
609.0;0.22579585177730965;0.013633326854650813;0.013463304744409663
610.0;0.22540820847051013;0.013541021753283781;0.013374589248278126
611.0;0.22293304133181824;0.013485689607536077;0.013280217321759514
612.0;0.22301654480136712;0.013423978050362015;0.013175027383172583
613.0;0.222709801565231;0.013340816389470994;0.013055695239153857
614.0;0.2180835003472349;0.013267676734726726;0.01294933999538351
615.0;0.21186249326924145;0.01318500528600886;0.012862278346557397
616.0;0.2051950666304494;0.01311783027142516;0.012795928650946954
617.0;0.20272961564674974;0.013046452042534535;0.012737418936378168
618.0;0.19519980049036845;0.012984758217785598;0.012695988359140108
619.0;0.1875989707810709;0.012927997118029822;0.012654421439704047
620.0;0.18354500819481023;0.012842013520812549;0.012595239043193747
621.0;0.17928696625245089;0.01275971525232674;0.01254393633278717
622.0;0.177987068455701;0.01268581125600928;0.012501625310711159
623.0;0.17294872628723768;0.012609773862723907;0.01245993280244374
624.0;0.16654609455642766;0.012544791421369285;0.01239327093659265
625.0;0.1601614013963737;0.01249472138442432;0.012335222100227338
626.0;0.15676476771685321;0.012461904701034128;0.012272876986817614
627.0;0.15733331239830384;0.01241189306791071;0.012214675507625478
628.0;0.15695517985209284;0.012350887484599223;0.012185640319139402
629.0;0.15649163237250907;0.012272751818816879;0.012129960760779008
630.0;0.15964030875584323;0.012205315354775677;0.012070871622666415
631.0;0.16059645498974462;0.012142833459384834;0.012022443869943278
632.0;0.16060974053567423;0.01210268942145204;0.011952499236312596
633.0;0.15682299951648837;0.01206467913965852;0.011880571336505764
634.0;0.1563220834745045;0.01202241730477617;0.01180886799263284
635.0;0.15810543149938316;0.011965534711115904;0.011734570554765351
636.0;0.15959420702837002;0.011916143515181672;0.011671693328008116
637.0;0.15943090212268074;0.011868374540423167;0.011598243756046454
638.0;0.1599745827742156;0.011821463452216466;0.011530518806863435
639.0;0.1593399933899845;0.011760957035549248;0.01145027815727585
640.0;0.16500449833413278;0.011704094194211668;0.011377392019943743
641.0;0.16338628651471931;0.011639806084041788;0.011325601621469976
642.0;0.16164511766524736;0.011579345458194569;0.011254626778865537
643.0;0.16010462521108126;0.011517967887706707;0.011209801572795684
644.0;0.15871412546424313;0.011473647024181556;0.011168530848668546
645.0;0.15310642891391057;0.011436117824116515;0.011125969451300238
646.0;0.15060995815284461;0.011401713968905545;0.0110973865426228
647.0;0.1459091108429853;0.011356231767319617;0.011055818571645193
648.0;0.14116000195950618;0.011305733206819948;0.011025018767508244
649.0;0.14209304576110915;0.011255456382757703;0.010982810757133027
650.0;0.1432631030871122;0.011200966329533539;0.010937054008556267
651.0;0.14448935308645738;0.011154548269332794;0.010903368058741803
652.0;0.14308268917141653;0.011095989222278417;0.01087634267227032
653.0;0.14132014190993236;0.011032818334569596;0.010827356179779486
654.0;0.14090612069727682;0.010977414931834314;0.010790081225390427
655.0;0.13577595432461387;0.01094702394099967;0.010774473379662579
656.0;0.13520772271883053;0.010890690459249631;0.010755389377624333
657.0;0.13302564857961696;0.01084888237491713;0.010731505571191458
658.0;0.1276797783110073;0.010820971006938915;0.010724458821429157
659.0;0.12289585704019534;0.010797647219485893;0.010711740060585832
660.0;0.12063924053560682;0.010755994645257004;0.01067813768633599
661.0;0.11709869784270266;0.010725163155728346;0.01065963961996951
662.0;0.11004759743600423;0.010709053051153427;0.01063757552245619
663.0;0.10238723930637494;0.010688940563261404;0.010608086315476826
664.0;0.09491107970560064;0.010662557311974226;0.010588440437368537
665.0;0.08863463179703668;0.010637046076725009;0.010577254291759106
666.0;0.08759725959978293;0.010602893337676954;0.010566659264503769
667.0;0.08323221781506107;0.010577563056792628;0.01054663746494662
668.0;0.08204244219457157;0.010545197876781088;0.010531661168722038
669.0;0.08018601574134276;0.010519481897574741;0.010498974982942057
670.0;0.07786305644500569;0.010483896662285342;0.010470321634428122
671.0;0.0757653549182683;0.010434590279570326;0.0104500983076494
672.0;0.07149290039025091;0.010395794240344036;0.010429032028987572
673.0;0.07076884020041885;0.010346701717744697;0.010396196348131019
674.0;0.07117529802616096;0.010304147800362356;0.01037094444291755
675.0;0.0686559425674359;0.010268745455785395;0.010323442330044228
676.0;0.06487644991049601;0.010222145174286944;0.010295234508116142
677.0;0.06848185733287515;0.01018321153117243;0.010250828329604616
678.0;0.06942158218487271;0.010126541184117736;0.01020838435189589
679.0;0.07011865307577303;0.01007133000754184;0.010156188016588583
680.0;0.07180256755090408;0.010013832525357813;0.010111495031391141
681.0;0.07244086976017639;0.009945580330065096;0.010079937107967327
682.0;0.07255216741277926;0.00986218684928385;0.010028029451917378
683.0;0.06712700324478171;0.009783453534568156;0.009987629846036204
684.0;0.06141859009624351;0.009720662202828674;0.009952838384813607
685.0;0.056264899446425765;0.009672807350182057;0.009913585466322887
686.0;0.05454903421475321;0.00961890038513172;0.009882482454549027
687.0;0.05500621659668792;0.009568363485746606;0.009840561486726834
688.0;0.06075519018676101;0.009505973536007146;0.0097823826566081
689.0;0.06779048093894402;0.00944199061655683;0.009737186650115031
690.0;0.07373843920974654;0.009367956211895548;0.00968525455031918
691.0;0.08027286366243502;0.009299170544789025;0.009639620020979785
692.0;0.08356440680188282;0.00922471000044063;0.00958952869040264
693.0;0.08631332060561403;0.00915231141175615;0.00953438549860543
694.0;0.08981568628512504;0.009097777225922013;0.009490580016025181
695.0;0.09552108335696763;0.00903744861443081;0.009430505424803039
696.0;0.10360000973380068;0.008972968842926893;0.009373836970957245
697.0;0.11012914855714118;0.00890997936118452;0.009317115177010473
698.0;0.10937440938991183;0.008858226855034531;0.009253312699024132
699.0;0.11108023491595798;0.008805674304545102;0.009203564328351203
700.0;0.11282965432864422;0.008748707429074406;0.009154442685454033
701.0;0.12299427522090589;0.008684407517705578;0.009087260108046967
702.0;0.1334521961141576;0.008619154966272944;0.00902077659331695
703.0;0.14107422872650444;0.0085680579936852;0.008965111087679039
704.0;0.1510371493106577;0.008525246103793857;0.008907242979096376
705.0;0.16080960140499445;0.008496021386169275;0.008855305707382395
706.0;0.17076726081096427;0.008459442574264783;0.008793977315899813
707.0;0.17720664124596264;0.008438543997512742;0.00874114499978711
708.0;0.18034616055054686;0.00842495488666777;0.008687655968637815
709.0;0.18306127046904874;0.00840438357595623;0.008632622424933865
710.0;0.18890985636219892;0.008364690970377384;0.00857614333543348
711.0;0.1935957664636193;0.008329566709690506;0.008520142135178134
712.0;0.19429607053980513;0.008288144859182318;0.008462162192116124
713.0;0.19111001416402784;0.008261902445804837;0.008395117601557296
714.0;0.1871710630394119;0.008221164630534138;0.00833364880775418
715.0;0.18356445815965938;0.008211255276965866;0.008279191599340955
716.0;0.18332817052421657;0.00819183581908562;0.008226473089579654
717.0;0.18164076502988158;0.008163904740448733;0.008173567206474584
718.0;0.18264260447741476;0.008138900214131517;0.008117712323545486
719.0;0.1800246274579247;0.008103870285126484;0.008064308717469056
720.0;0.18058876176678296;0.00807092802443052;0.008000658348912828
721.0;0.17709963014372954;0.008054206595286393;0.007940146194616048
722.0;0.17748056092452658;0.008026440456076556;0.007885202400908557
723.0;0.17782153791295674;0.008005188492438007;0.00783623073863138
724.0;0.17802964381586495;0.007985762501590287;0.007783953895677112
725.0;0.18289443585856824;0.007962328769345791;0.007742306825927803
726.0;0.18692131898013054;0.007926500908747386;0.007696660353961207
727.0;0.18935146614034493;0.007896498933218477;0.0076542936131644935
728.0;0.19035592222142228;0.00787036653157522;0.007610341799879015
729.0;0.189249591206624;0.00783025500405245;0.007563778832952932
730.0;0.19127370805491195;0.007783886950853652;0.007509056524981752
731.0;0.19441235870325368;0.007735839238732666;0.007463364160628548
732.0;0.19300540532624266;0.007697724334640995;0.0074182664477678815
733.0;0.19415890012175363;0.007658496139565036;0.00739295622264324
734.0;0.19441025122521782;0.00762090441817078;0.007372128515192152
735.0;0.19824177585237857;0.007584556410193017;0.007359428653407511
736.0;0.1983579864138172;0.007545599031888176;0.00733439298642724
737.0;0.19822320008377503;0.007504311120841141;0.007307986435363904
738.0;0.19617193377355113;0.007485915565905204;0.0072850181141439424
739.0;0.19993023502092433;0.00744908544966319;0.0072566953097698015
740.0;0.2018857681040317;0.007395122173733024;0.00722398272727282
741.0;0.20482048861002689;0.007355219440257361;0.007185336572817271
742.0;0.2074836714246;0.007330252676917667;0.007165564815561978
743.0;0.2113567411965609;0.007312357666750204;0.007158752300261214
744.0;0.21358380460141468;0.007314550417146646;0.007169001668099679
745.0;0.21273075077119352;0.0073017257038221015;0.007167527659880041
746.0;0.21161531338494777;0.007301779373916206;0.007172111375747935
747.0;0.20836837357609772;0.007298820274812213;0.0071862398534089066
748.0;0.20495562218555208;0.007301895451265429;0.007206290357849733
749.0;0.2012993728110658;0.007295413173934868;0.007208283593814902
750.0;0.1965108153662366;0.00729869900551363;0.007212918593793713
751.0;0.19142151441315958;0.007297368932215956;0.00720237991747947
752.0;0.18736887870597752;0.00730792563615257;0.007199347073263894
753.0;0.18126268560808012;0.007311785625720831;0.007198948805987843
754.0;0.1750139568245348;0.00732977330925086;0.007206166314769343
755.0;0.17115485759691296;0.007341212820273002;0.007198410800406916
756.0;0.16405790077703664;0.007339256818604179;0.007166120280932311
757.0;0.1589121085416727;0.007354761559036017;0.007150008451425536
758.0;0.1564792522929771;0.007376282012687517;0.007135575435026742
759.0;0.15837868209663652;0.007381588389021349;0.0071055858095132795
760.0;0.1602097052226611;0.007387752103553956;0.007070247794062382
761.0;0.1626461138086206;0.007405114022969889;0.007030727503998294
762.0;0.15942424070704475;0.007422493263449742;0.007001984793244775
763.0;0.15894292403153942;0.007440470204221559;0.006964143336160994
764.0;0.15531270574812972;0.007458201542673897;0.006943141734208648
765.0;0.14692033196319065;0.007470417748705177;0.006931665545144384
766.0;0.1436721259760354;0.007484686338284278;0.006917062193398812
767.0;0.1409429973220011;0.007471952912355164;0.006899856097838905
768.0;0.14333501151072758;0.007488860993709879;0.006866610787841721
769.0;0.14813759123302284;0.007486461619189693;0.006842453748819426
770.0;0.15086298830501677;0.007476055116087918;0.006813400279626752
771.0;0.15321284941237157;0.007479604181558589;0.006787184588541835
772.0;0.1521518248467153;0.007465675177374614;0.0067596657711669296
773.0;0.14845455019742526;0.007451722489676629;0.006723434837326066
774.0;0.15133438874573346;0.007432891388269801;0.00669463547271947
775.0;0.14933342818343665;0.007416865166691115;0.0066693549431896485
776.0;0.1456763583345626;0.007408942726401401;0.0066551347580313305
777.0;0.14302411114303326;0.007400024434767964;0.006628418187208705
778.0;0.14756683946059834;0.007380121299804882;0.0065807921244628274
779.0;0.14938347745699865;0.0073500154607315064;0.006544653941305165
780.0;0.15453635942943733;0.007306418947857302;0.006508873883460483
781.0;0.16211644059832364;0.007270514645708134;0.006473945245849562
782.0;0.16200413652729717;0.007233286499527388;0.006451202786383556
783.0;0.16026606500810814;0.007208748865909897;0.006433649873858147
784.0;0.1591019802080822;0.007178376979483812;0.006418746623030964
785.0;0.15234272386547987;0.007170701630224986;0.00641122654609317
786.0;0.14542793793020392;0.007145810512476245;0.006415910879062728
787.0;0.14119643231496426;0.007138181116876645;0.006422093384891774
788.0;0.13829181692864512;0.0071270194783670466;0.0064202849402871165
789.0;0.13825360451631785;0.0070961358192448;0.006417318284982399
790.0;0.1379965172281531;0.007076790074999018;0.006395090078882577
791.0;0.13666066547410627;0.0070479903342380796;0.006375955449239136
792.0;0.13797026028614168;0.007011101862691663;0.006365001223895852
793.0;0.1418838142725748;0.006974246016754302;0.006343199494672696
794.0;0.14623531415618496;0.006941463228335653;0.006325258376937826
795.0;0.14511860536768995;0.006927467496620611;0.00631033742530226
796.0;0.14631390016662826;0.006897919387621076;0.006298893870750968
797.0;0.14583724340971893;0.006878743144663533;0.0062884337389980775
798.0;0.14748136255408684;0.00686390625437384;0.006267414596770773
799.0;0.14709172037202456;0.00683942680599628;0.006224222600030415
800.0;0.14687684566992854;0.006818014409239318;0.0061884618427643385
801.0;0.1482997451015854;0.006794533605173129;0.006152233708763191
802.0;0.14579123946360684;0.006765377506624886;0.006122137740575913
803.0;0.14974664946377092;0.00674073823949586;0.006085674770602674
804.0;0.15499120790551624;0.006710065007492051;0.006062863135888648
805.0;0.15975362099496837;0.006693479984207914;0.00603832539512656
806.0;0.16029631116287524;0.00667244319495308;0.006004487699649851
807.0;0.16343096090739473;0.006673811709443366;0.005987937778705423
808.0;0.16685822376478554;0.006668677912192389;0.00596222672513319
809.0;0.16994143802524408;0.006651490247721377;0.005927661716337436
810.0;0.16984175657868106;0.006627038502496753;0.005902942206992445
811.0;0.16989152573565058;0.006604826332236637;0.0058872854056099995
812.0;0.1699671818631372;0.006570228648072257;0.005871532894962544
813.0;0.170329263076612;0.0065430663363280975;0.005875148391410372
814.0;0.17051432314831672;0.00651588200982695;0.005867084352933007
815.0;0.1706737353954535;0.006484434560767846;0.005851685283005002
816.0;0.16807821829328862;0.0064600471798331284;0.005818946095118859
817.0;0.16854204940973794;0.006445003142421496;0.005797779747702317
818.0;0.1730351008759874;0.0064174022483914584;0.005760417147943673
819.0;0.1766216888496619;0.006388475601092951;0.005734528129251347
820.0;0.18139601840503206;0.006348439289823881;0.005691025446862843
821.0;0.1852300801664032;0.006309801547616629;0.005654812140339136
822.0;0.18884067405532146;0.0062732819047850615;0.005614896287736424
823.0;0.18934973441573433;0.006239740513405445;0.005586683973005511
824.0;0.19411353308219848;0.006203452579934248;0.005538761126916087
825.0;0.19714117309124501;0.006171416450908793;0.005496900562818053
826.0;0.20015547378344;0.006142297085619486;0.005463872330821913
827.0;0.20450158722218625;0.0061095599728624985;0.005424053383752905
828.0;0.20636755900559411;0.0060787810976426085;0.0053930925748062125
829.0;0.20567637455785504;0.006050361954080735;0.00536853036478956
830.0;0.20647703232372716;0.006011131370448187;0.0053340015391186305
831.0;0.20566849185229896;0.005979471488729978;0.005307381063176032
832.0;0.20547491524497097;0.0059483404767480385;0.005287173620754193
833.0;0.20589033874509355;0.0059341070608473;0.005272519259509972
834.0;0.2044469672669581;0.005919069385038812;0.005266346273463046
835.0;0.20269233260334774;0.005907987357689903;0.005266847586347523
836.0;0.20058227101902915;0.005900787801586596;0.005250749985535663
837.0;0.20128959708558014;0.005872470591221565;0.005224339954329236
838.0;0.2038135976926725;0.005853910078311247;0.005198024292100887
839.0;0.1982536662463823;0.0058672838203830055;0.005185430473649356
840.0;0.19613092204546945;0.005853032525048579;0.005161188757007049
841.0;0.19436149825943616;0.005829367204983811;0.005140845382650069
842.0;0.19543554635183868;0.005809623894293317;0.005134201718959166
843.0;0.19383178640859955;0.005797634274847527;0.005119401893416072
844.0;0.19423295067304536;0.005784222810822458;0.0051105579083767
845.0;0.1963131473034988;0.005776696591207537;0.005099664529765204
846.0;0.19528113790117463;0.005762092082457945;0.0051027343852487516
847.0;0.1950901700851868;0.005748699790194065;0.0050950134807591484
848.0;0.19359981425487072;0.005741484660980227;0.005084091029519622
849.0;0.19298641564217434;0.005745297840791203;0.005077721587523569
850.0;0.19318757065415137;0.005721670022613319;0.005056551905112076
851.0;0.19520464513953717;0.005706816510645065;0.005035913142236556
852.0;0.1959319178958896;0.0056942406361930615;0.005012991553483299
853.0;0.1951948978760798;0.00569358535121922;0.004982703830373791
854.0;0.1895427608408491;0.005695991412889851;0.004965493992831337
855.0;0.1836551409961703;0.00568769362738033;0.004941392016051115
856.0;0.17833243119349973;0.005679867525378516;0.004921064117928098
857.0;0.17472077038191403;0.005676736703749387;0.004888098699757335
858.0;0.16889969411490124;0.005683906633984366;0.004858189143087783
859.0;0.16291309191584424;0.00570640636712507;0.004839064617994612
860.0;0.16235153656932366;0.005700536293480307;0.004822552769954142
861.0;0.15927532728002047;0.005700459635266486;0.004806079512974493
862.0;0.1617061562936668;0.005705676097934366;0.004781091186306849
863.0;0.16512693388259903;0.00570912116316432;0.004765401710343454
864.0;0.16875026396796933;0.005720206032235874;0.0047536665489144045
865.0;0.16882650494649265;0.005725505022235152;0.00473160727870265
866.0;0.16367026415019048;0.005728718538293115;0.004722960677531986
867.0;0.16457458334899822;0.005732854239620826;0.004702841309477962
868.0;0.1666244123046039;0.005733452885625884;0.004691116458227753
869.0;0.1713982936691858;0.005737671340265836;0.004676162413137969
870.0;0.17832073026782813;0.005717576394468164;0.004668901757627767
871.0;0.18613890487566864;0.005690781999153336;0.004655084209655562
872.0;0.19380267839616094;0.005668961470354926;0.0046341196595546755
873.0;0.19685630560435996;0.005643436444999948;0.004620332558807128
874.0;0.19884126616047804;0.0056393194073843435;0.004617883975395147
875.0;0.20122935442343626;0.0056320501173840985;0.004614867761069583
876.0;0.20368706840140716;0.005614252328073216;0.004611251361160919
877.0;0.2101062629334589;0.005591858835037118;0.004607294840287721
878.0;0.21490612525799824;0.005570339257441976;0.004580053527111738
879.0;0.21794089317173704;0.0055611135900291335;0.004555850037362369
880.0;0.22178857730720247;0.005554540876432553;0.004536798800463191
881.0;0.22460151929079086;0.005538741637112691;0.004524853120763383
882.0;0.22355931522266836;0.0055387271186974115;0.004504719659478988
883.0;0.22487529142638563;0.0055498159658944595;0.004483616491
884.0;0.2246124903445178;0.005561877046127045;0.004463182342577856
885.0;0.2280338604349046;0.005567401009452305;0.0044474370548230535
886.0;0.2306747861831704;0.005568333668679378;0.004444869137385331
887.0;0.2371257183174238;0.005545515305628139;0.004416520001220075
888.0;0.24160388238469144;0.005538933530054678;0.00438565014465324
889.0;0.2495010151628837;0.005524227885272146;0.004357878884386262
890.0;0.2541676030261304;0.00550892514412671;0.004342216465286625
891.0;0.2550286534937861;0.005485824428265276;0.0043408507978416775
892.0;0.2585121938900693;0.005478221004329942;0.00432835986219
893.0;0.26036885409464106;0.005481304979799362;0.004316735119684899
894.0;0.2586025095608052;0.005506505547561169;0.004313188920839739
895.0;0.2584743580425495;0.005528082810168946;0.004309605776057472
896.0;0.25954063810636063;0.005532740117792141;0.004308688081324154
897.0;0.26580444680336324;0.005530135693482263;0.004281292251595548
898.0;0.2727890286344956;0.005525908237458431;0.004253504115002365
899.0;0.27840079559216524;0.005512912026737576;0.004229649818687588
900.0;0.2834327473226269;0.005498955247162003;0.004222522131023699
901.0;0.2872124588210234;0.005484200317788032;0.0042180532837872734
902.0;0.287900906723067;0.005479429127896075;0.004214459888801625
903.0;0.2842549599235604;0.005478199611868172;0.004206991411282243
904.0;0.2826162072396352;0.005468836827805281;0.004199972589018098
905.0;0.28135715212582413;0.005443443959602373;0.004198519565017388
906.0;0.28103198048467426;0.005426700401157915;0.004203716286005428
907.0;0.27940330359403154;0.005398491989346489;0.00418830343030732
908.0;0.2835663322249993;0.005376952342241042;0.004175818070878547
909.0;0.28486571949707773;0.0053608247952821;0.004165886251666151
910.0;0.28270632971588816;0.0053454150788847495;0.0041597362298969745
911.0;0.27812484748070154;0.005324541927377582;0.004163106597279985
912.0;0.2754766085447862;0.005322015485746259;0.004150496560193703
913.0;0.2727207538641502;0.005312731454293466;0.004151459487741814
914.0;0.27032853369705134;0.005305455075909065;0.004163245497693266
915.0;0.2663541264624779;0.005298688941446096;0.00417909847343048
916.0;0.26564166455446747;0.005293971460396575;0.0041854394892802006
917.0;0.2631102198115499;0.005277772812255686;0.004195843573288831
918.0;0.25898852427941965;0.0052695568239160195;0.00420929995822353
919.0;0.25947330388083134;0.005259485779949317;0.004214421798927069
920.0;0.2595396435652807;0.005258540873989556;0.004215960809404691
921.0;0.2589309622500213;0.005250220084428426;0.004222156835340165
922.0;0.2592749748297237;0.005243164045137787;0.004223361192069926
923.0;0.2607054825321842;0.005258124676392559;0.0042346386369798315
924.0;0.25994724694634774;0.005267659748078986;0.004247437900129943
925.0;0.25828666682542256;0.005280547487374675;0.004267259598151146
926.0;0.25704861988653016;0.005290804743517176;0.004286093136223643
927.0;0.25260853210943834;0.005299772672397642;0.004295380905825559
928.0;0.24583395944921527;0.00531365589647008;0.004305180058042768
929.0;0.23883602487309474;0.005329932848402437;0.00431618938181921
930.0;0.23091544799929065;0.0053270347826100605;0.00432315398494573
931.0;0.22483323280699352;0.005325533753163698;0.00433253217836907
932.0;0.22385341570923967;0.005323662284051878;0.004328894370028186
933.0;0.21849833151396314;0.005336289544385799;0.004338825493964275
934.0;0.2129274893976385;0.005344585199133184;0.004358530151216756
935.0;0.20924292678498757;0.0053498782947191395;0.004365045219683133
936.0;0.20899203136913735;0.005344946369653812;0.004356818250247234
937.0;0.20892734105474275;0.005355081814058892;0.004346533507620189
938.0;0.20890045835930804;0.005356903657853834;0.004342442719686375
939.0;0.21083842967593036;0.005352386521144162;0.004333068632883268
940.0;0.2128833518889497;0.005354204675956007;0.004317293055072742
941.0;0.21502039140095686;0.005352004836182907;0.004308660064762753
942.0;0.21954862861505953;0.0053404133625089365;0.0042880136252650344
943.0;0.22632523975871432;0.005317437038846942;0.004263988624088739
944.0;0.23300324747763546;0.005296036532050295;0.004240542681387915
945.0;0.23603068078214184;0.00527598790769751;0.004231004570671746
946.0;0.2381031466110317;0.00523975717905572;0.00421785212323156
947.0;0.24150539979705787;0.005205107130817376;0.004211060869613889
948.0;0.24581281653378906;0.005159568003942931;0.004200525390609215
949.0;0.24917949939852224;0.005127089382813317;0.004193153940652567
950.0;0.2520691357805457;0.00508900502108888;0.004173949326212706
951.0;0.2545172354094565;0.005054413174655663;0.004161523896199334
952.0;0.25702879567705306;0.005027988647692176;0.004146890972337494
953.0;0.25948813410362304;0.0049984031216244035;0.004127759794951246
954.0;0.2619778144965068;0.004976024828243177;0.004112284129956695
955.0;0.2681637133572391;0.0049587629891700916;0.00408713648428964
956.0;0.27164045670750525;0.0049465427818719335;0.004063329909433366
957.0;0.2767732409234057;0.004939077788249216;0.004037175066789565
958.0;0.2826247775227201;0.004913961308449788;0.0040080887625350324
959.0;0.28199744532279825;0.0049016427125291254;0.0039885519885514914
960.0;0.286171896010988;0.004901275950405347;0.003960539067562395
961.0;0.28696695995995747;0.004903625294246589;0.0039345431045752525
962.0;0.290631189114784;0.00490569346832612;0.0038961759106510454
963.0;0.2921905621393581;0.004918789143986689;0.003870531173578091
964.0;0.2922530251461988;0.004936204697406494;0.0038346705506040195
965.0;0.291271497164435;0.0049566412254548895;0.0038024106354174678
966.0;0.2922430071023816;0.004966583040956828;0.003774629874115791
967.0;0.29045234861992186;0.004989915995898684;0.003751215538491878
968.0;0.2894277566584633;0.004994562805878716;0.003724299828948502
969.0;0.29057571977534;0.00498349506410339;0.0037097103874394436
970.0;0.2874251352238465;0.004974863491013273;0.0036884874866334586
971.0;0.28557311440427136;0.004957470724446926;0.0036704534243850546
972.0;0.28027164686121364;0.004960389124995017;0.003657501722886089
973.0;0.2750777602160851;0.004960654616743798;0.003652559961714121
974.0;0.27363155560145036;0.004952191545905804;0.003637874340735254
975.0;0.2744603998158548;0.004945964554978686;0.0036187471699719196
976.0;0.27349777005151676;0.004937682907451212;0.00359786502536636
977.0;0.2719901269370908;0.004939081468036796;0.003583329993554401
978.0;0.2764597807891046;0.004932007234990097;0.003559440805140153
979.0;0.2806544281800699;0.004929636682060172;0.0035454048235984393
980.0;0.28449049556988537;0.004909284970507907;0.003532296764478073
981.0;0.2895239765252039;0.004894304281637745;0.0035136665556711817
982.0;0.2930797390065004;0.004882813377407906;0.0035031072401188147
983.0;0.29625055161696257;0.004870798519868669;0.003488852952807021
984.0;0.2969039699917254;0.004859635318561049;0.0034846939359789862
985.0;0.29991468715149816;0.004848232786701342;0.0034813511331636795
986.0;0.3051995769604464;0.004830919830306254;0.0034696431970948054
987.0;0.30338770002408466;0.004810240586697907;0.0034572042381244643
988.0;0.30308543467547644;0.00479587668215544;0.0034444575571860093
989.0;0.3029707848317015;0.004783054635131417;0.003434752149240544
990.0;0.30272852777083736;0.0047693594797062365;0.003422606940649444
991.0;0.3031374801524722;0.004761974804433001;0.0034119841442296407
992.0;0.3028412226045738;0.004762583281609593;0.003413707717893572
993.0;0.30243653368712475;0.004767685258970992;0.0034189657213466148
994.0;0.3021171295527175;0.00476958837572295;0.003433315643607837
995.0;0.3018291397049798;0.004770054288085428;0.00344761467071691
996.0;0.299268234308247;0.004760922301897888;0.003451202567598032
997.0;0.2964056132359485;0.004744855408727276;0.0034575561590523686
998.0;0.2935396862002496;0.004733869703711138;0.003456091914655554
999.0;0.29027729980805583;0.004708276061992294;0.0034346179666499823
1000.0;0.2872844386420862;0.004689154108295105;0.0034189934401903585
1001.0;0.28610363942835726;0.00467343413243821;0.0033874273531193234
1002.0;0.28233088530596695;0.004659678587705003;0.003367831920590335
1003.0;0.2788626415682074;0.004653903507501502;0.0033547078477626385
1004.0;0.2783785263183073;0.004650203412131676;0.0033469157546021882
1005.0;0.27887810454738415;0.0046336322452698265;0.003342807140343342
1006.0;0.27786495039309156;0.004626706896132524;0.0033405913571795884
1007.0;0.27856547150589905;0.004614104719036076;0.003339365923937678
1008.0;0.28030335706388154;0.004596232578781239;0.0033356239401131156
1009.0;0.2791479332862332;0.004574502793881477;0.0033327203746372873
